[{"name":"zzz","tries":3,"time":"15986"},{"name":"zelenkroki","tries":3,"time":"18296"},{"name":"zzz","tries":3,"time":"18472"},{"name":"zelenkroki","tries":3,"time":"19063"},{"name":"zzz","tries":3,"time":"19625"},{"name":"\u0414\u0430\u0440\u043a\u043e","tries":1,"time":"19947"},{"name":"zelenkroki","tries":3,"time":"22453"},{"name":"\u0414\u0430\u0440\u043a\u043e","tries":5,"time":"22662"},{"name":"zzz","tries":4,"time":"27002"},{"name":"\u0414\u0430\u0440\u043a\u043e","tries":7,"time":"27659"}]